id;programa;nombre;comuna;direccion;lat;lng;coordenadas
esc-abate-molina;escolar;Escuela Abate Molina;Quinta Normal;;;;
esc-basica-sendero-del-saber;escolar;Escuela Básica Sendero del Saber;San Ramón;;;;
esc-ciudad-de-barcelona;escolar;Escuela Ciudad de Barcelona;Pedro Aguirre Cerda;;;;
esc-espana;escolar;Escuela España;Quinta Normal;;;;
esc-esperanza-joven;escolar;Escuela Esperanza Joven;La Cisterna;;;;
esc-gil-de-castro;escolar;Escuela Gil de Castro;Quinta Normal;;;;
esc-inglaterra;escolar;Escuela Inglaterra;Quinta Normal;;;;
esc-la-victoria;escolar;Escuela La Victoria;Pedro Aguirre Cerda;;;;
esc-lo-valledor;escolar;Escuela Lo Valledor;Pedro Aguirre Cerda;;;;
esc-pedro-aguirre-cerda;escolar;Escuela Pedro Aguirre Cerda;Cerrillos;;;;
esc-platon;escolar;Escuela Platón;Quinta Normal;;;;
esc-profesor-ramon-del-rio;escolar;Escuela Profesor Ramón del Río;Estación Central;;;;
esc-ramon-freire;escolar;Escuela Ramón Freire;Maipú;;;;
esc-republica-de-las-filipinas;escolar;Escuela República De Las Filipinas;Lo Espejo;;;;
esc-ricardo-latcham;escolar;Escuela Ricardo Latcham;Pedro Aguirre Cerda;;;;
esc-territorio-antartico;escolar;Escuela Territorio Antártico;San Miguel;;;;
esc-villa-san-miguel;escolar;Escuela Villa San Miguel;San Miguel;;;;
esc-republica-de-austria;escolar;República de Austria;Estación Central;;;;
jar-akun-pichiwentxu;parvulario;Akun Pichiwentxu;San Ramón;;;;
jar-andres-bello;parvulario;Andres Bello;San Miguel;;;;
jar-angel-fantuzzi;parvulario;Angel Fantuzzi;Cerrillos;;;;
jar-caballito-feliz;parvulario;Caballito feliz;San Ramón;;;;
jar-cedin;parvulario;Cedin (Centro Educacional para el desarrollo infantil).;La Pintana;;;;
jar-ciudad-de-barcelona;parvulario;Ciudad de Barcelona;Pedro Aguirre Cerda;;;;
jar-el-tranque;parvulario;El Tranque;Maipú;;;;
jar-eluney;parvulario;Eluney;San Bernardo;;;;
jar-enrique-backausse;parvulario;Enrique Backausse;Pedro Aguirre Cerda;;;;
jar-estacion-alegria;parvulario;Estación Alegría;Estación Central;;;;
jar-la-hormiguita;parvulario;La Hormiguita;San Ramón;;;;
jar-la-marina;parvulario;La Marina;Pedro Aguirre Cerda;;;;
jar-llano-subercaseaux;parvulario;Llano Subercaseaux;San Miguel;;;;
jar-modelo;parvulario;Modelo;San Ramón;;;;
jar-ochagavia;parvulario;Ochagavía;Pedro Aguirre Cerda;;;;
jar-paula-jaraquemada;parvulario;Paula Jaraquemada;El Bosque;;;;
jar-pequeno-aymara;parvulario;Pequeño Aymará;Pedro Aguirre Cerda;;;;
jar-poetas-de-chile;parvulario;Poetas de Chile;Pedro Aguirre Cerda;;;;
jar-principes-del-reino;parvulario;Príncipes del Reino;San Ramón;;;;
jar-salomon-sack;parvulario;Salomón Sack;Cerrillos;;;;
jar-santa-fe;parvulario;Santa Fe;San Miguel;;;;
jar-sueno-de-colores;parvulario;Sueño De Colores;San Bernardo;;;;
jar-tierra-de-angeles;parvulario;Tierra De Angeles;San Bernardo;;;;
jar-villa-san-miguel;parvulario;Villa San Miguel;San Miguel;;;;
